word,n
daten,234
anhörung,179
kongress,161
europa,141
unterschreiben,140
chef,136
frage,110
senat,69
senator,67
datenskandal,58
nutzer,48
befragung,45
eu,41
internet,30
live,30
parlament,30
jahren,29
auftritt,28
datenschutz,28
milliarden,26
thema,25
befragt,24
entschuldigt,24
online,23
welt,23
bezahl,22
user,22
verantwortung,22
vielen,22
werbung,22
einfach,21
hätte,21
aktie,20
zeigt,20
aussagen,19
ceo,19
erklärt,19
hearing,19
menschen,19
politiker,19
sagen,19
skandal,19
soeben,19
stellen,19
stunden,19
veröffentlicht,19
wäre,19
dank,18
fehler,18
ganz,18
geben,18
geld,18
tag,18
entschuldigungen,17
gründer,17
memes,17
publiziert,17
wohl,17
besser,16
news,16
sehen,16
antwort,15
betroffen,15
deutschland,15
fb,15
gehört,15
gewitter,15
heise,15
lustig,15
sieht,15
steht,15
twitter,15
variante,15
ahnung,14
data,14
di,14
drei,14
herr,14
liebe,14
neue,14
privatsphäre,14
senate,14
übrigens,14
wenig,14
wissen,14
anzug,13
de,13
große,13
leute,13
möchte,13
morgen,13
richtig,13
rund,13
senators,13
social,13
spricht,13
umgang,13
usa,13
zahlen,13
antworten,12
befragen,12
daily,12
dienst,12
dollar,12
erst,12
gegrillt,12
gesehen,12
leben,12
moment,12
schutz,12
woche,12
ändern,11
bald,11
bill,11
deutsche,11
endlich,11
erste,11
firma,11
frau,11
genau,11
guten,11
intelligenz,11
land,11
lange,11
media,11
naiv,11
paar,11
suckerberg,11
unternehmen,11
verspricht,11
watch,11
zeit,11
zucker,11
bekommen,10
bleibt,10
davon,10
europaparlament,10
facebooks,10
fünf,10
gar,10
geschäftsmodell,10
google,10
gute,10
hotel,10
interview,10
jaeden,10
kommen,10
kommentar,10
künstliche,10
lacht,10
millionen,10
movie,10
netzwerk,10
nutzerdaten,10
recommendations,10
reumütig,10
schuldig,10
seite,10
sicherheit,10
skarsg,10
sozialen,10
stars,10
steigt,10
stellt,10
testimony,10
überhaupt,10
übernimmt,10
version,10
video,10
zusammenfassung,10
zwei,10
alte,9
anhörungen,9
apps,9
aussage,9
barca,9
danke,9
digitale,9
druck,9
ende,9
enthüllt,9
geschlossen,9
gesprochen,9
heißt,9
klar,9
lachen,9
letzte,9
letzten,9
ließ,9
livestream,9
nacht,9
offenbar,9
recht,9
schwitzen,9
stelle,9
trotz,9
verdient,9
vorladen,9
weicht,9
zensur,9
ausschuss,8
barcelona,8
beiträge,8
bla,8
bringen,8
cruz,8
daran,8
datenskandals,8
debatte,8
demokratie,8
durbin,8
eher,8
fall,8
finde,8
finden,8
fliegt,8
gefragt,8
gesicht,8
gestellt,8
glaube,8
jahre,8
justizkommissarin,8
konkreten,8
lässt,8
lieber,8
medien,8
mio,8
möglichkeit,8
natürlich,8
netz,8
politik,8
prüfen,8
regulieren,8
regulierung,8
roma,8
sammeln,8
schnell,8
seiten,8
sitzt,8
tv,8
überraschung,8
überwachen,8
valley,8
washington,8
weiß,8
wichtig,8
zukunft,8
zweifel,8
account,7
aktuelle,7
angehört,7
ankündigungen,7
artikel,7
ausgesagt,7
bekannt,7
besserung,7
bleiben,7
bringt,7
chronologie,7
congress,7
datenaffäre,7
deutlich,7
deutschen,7
ersten,7
erwartet,7
farce,7
genommen,7
gesellschaft,7
glimpflich,7
grill,7
ikarus,7
interessiert,7
kam,7
konsequenzen,7
konzerne,7
kostenlos,7
länger,7
link,7
löschen,7
nachrichten,7
namen,7
nie,7
paul,7
priorität,7
probleme,7
regeln,7
reuig,7
ryan,7
selbstbewusst,7
shirts,7
silicon,7
spickzettel,7
tages,7
ted,7
tweets,7
uhr,7
verkauft,7
wahrscheinlich,7
weiss,7
wirtschaft,7
zuck,7
zurück,7
abend,6
aktion,6
aktuellen,6
alien,6
analyse,6
besten,6
blick,6
brüssel,6
ca,6
datensammler,6
deutet,6
dritte,6
eigene,6
einzige,6
eisenberg,6
erneut,6
fake,6
fest,6
flächendeckend,6
folgen,6
foto,6
fragt,6
freuen,6
gab,6
ganze,6
gebracht,6
gelobt,6
gerne,6
geworden,6
grillen,6
grilling,6
immerhin,6
instagram,6
katholischer,6
kommentiert,6
kostet,6
kritik,6
laden,6
legt,6
leuten,6
linker,6
meint,6
meisten,6
ne,6
nochmal,6
parlamentarier,6
passt,6
plattform,6
politischer,6
post,6
propaganda,6
reagiert,6
rede,6
reicher,6
richtigen,6
roasts,6
rum,6
satire,6
scheint,6
schützen,6
tage,6
taktik,6
teil,6
teilweise,6
trägt,6
überblick,6
überrascht,6
unglaubwürdigkeit,6
verraten,6
verstehen,6
vier,6
vorm,6
wert,6
wichtige,6
zeigte,6
zeitung,6
zweimal,6
zweiten,6
abgegriffen,5
aktivitäten,5
alten,5
analysiert,5
ändert,5
anh,5
auftreten,5
aussieht,5
beantworten,5
begonnen,5
benutzt,5
bereit,5
bezahlversion,5
bild,5
bittet,5
börse,5
check,5
click,5
datenmissbrauch,5
datensicherheit,5
death,5
dumme,5
einstellung,5
entschuldigen,5
ernsthaft,5
eur,5
experte,5
findet,5
genauso,5
glauben,5
grossen,5
hält,5
hart,5
herrn,5
hinterher,5
hockenheim,5
ii,5
ironie,5
jörg,5
journalisten,5
karikatur,5
kollege,5
konsequenterweise,5
konservative,5
kontrolle,5
konzern,5
kostenlose,5
kritischen,5
kurz,5
lassen,5
lasst,5
leisten,5
lieberher,5
liest,5
na,5
neuer,5
nimmt,5
nutzen,5
offen,5
politikern,5
politisch,5
punkt,5
reaktion,5
regierung,5
reicht,5
repräsentantenhaus,5
robot,5
roboter,5
schlecht,5
selber,5
sollen,5
sorgte,5
souverän,5
soviel,5
sozial,5
speech,5
sprechen,5
stalin,5
stream,5
sympathy,5
system,5
teilen,5
top,5
typische,5
unangenehmen,5
vage,5
verlängerung,5
verrückt,5
versprochen,5
versucht,5
vertrauen,5
völlig,5
vorbereitet,5
vortrag,5
ware,5
wars,5
web,5
whatsapp,5
wi,5
wochen,5
zehn,5
zeiten,5
ziehen,5
zwillinge,5
agbs,4
al,4
amerikaner,4
anleger,4
antwortete,4
ausreichen,4
begründet,4
berg,4
bericht,4
beruht,4
beste,4
böse,4
darf,4
datenklau,4
datenschut,4
denken,4
denkt,4
diskutieren,4
dutzend,4
egal,4
eigenes,4
eindruck,4
einschränken,4
empörung,4
enttäuscht,4
erfahrung,4
erkenntnis,4
erkenntnisse,4
erklären,4
erstaunlich,4
erstmals,4
europäischen,4
experten,4
fahrlässigkeit,4
faktencheck,4
fand,4
freund,4
fühlt,4
führte,4
ge,4
gegangen,4
gelöscht,4
generation,4
gerechtfertigt,4
gesagt,4
geschlagen,4
gesichtserkennung,4
gesperrt,4
gespräch,4
gestrigen,4
gifs,4
guter,4
häme,4
handelsblatt,4
hate,4
hearings,4
heißen,4
highlights,4
inhalte,4
interessant,4
interessanter,4
irgendwas,4
irre,4
jahr,4
jährige,4
jiangweisen,4
justizministerin,4
kaffeepause,4
kanäle,4
key,4
klare,4
ko,4
komisch,4
konservati,4
konservativen,4
kopf,4
kosten,4
kostenpflichtig,4
krawatte,4
kritisiert,4
kunden,4
kündigt,4
lädt,4
lesen,4
lüge,4
ma,4
mag,4
mangel,4
meinung,4
million,4
mistake,4
mögliche,4
monopol,4
monopolist,4
mustsee,4
nehmen,4
nervös,4
network,4
nix,4
öffentliche,4
präsident,4
privater,4
prozent,4
pure,4
quotes,4
raus,4
rechte,4
reden,4
relativ,4
reue,4
schaler,4
schalten,4
schauen,4
schlau,4
schön,4
schuld,4
selbstversuch,4
sen,4
service,4
sicher,4
silk,4
situation,4
solange,4
spannung,4
spielt,4
täglich,4
team,4
tech,4
total,4
trackt,4
trend,4
trends,4
umfrage,4
unterstützung,4
unwissenheit,4
verdienen,4
verfolgen,4
verhalten,4
verkehrte,4
versteht,4
versuchen,4
verteilung,4
wahnsinn,4
wärt,4
weniger,4
wich,4
wichtiger,4
wirft,4
wirk,4
wirkte,4
worden,4
york,4
zerschlagen,4
zieht,4
zitieren,4
zugriff,4
zumindest,4
zweite,4
abbitte,3
abblitzen,3
abgeordnete,3
aktuelles,3
alleine,3
alleinherrschers,3
analysieren,3
anfangs,3
angaben,3
angriff,3
anlass,3
anzeigen,3
app,3
april,3
arme,3
ausgequetscht,3
bade,3
befunden,3
beispiel,3
bekennt,3
bekommt,3
bereits,3
berichtet,3
berlin,3
besteht,3
betreibt,3
bezahlen,3
bezüglich,3
bisher,3
blumenthal,3
brechen,3
brunnsmann,3
buch,3
bundestag,3
bürger,3
chance,3
code,3
dachte,3
dat,3
datenkrake,3
datenweitergabe,3
demnächst,3
derzeit,3
destroys,3
detail,3
deutete,3
diamond,3
dick,3
digitalexperten,3
dinge,3
direktor,3
diskussion,3
dreck,3
droht,3
durchforstet,3
eben,3
edward,3
eh,3
ehrlich,3
eigentli,3
eisenbergzuckerberg,3
empfehlung,3
entscheiden,3
entwicklung,3
erhält,3
erreicht,3
erzählen,3
euro,3
expe,3
fährt,3
falls,3
fanpage,3
feel,3
findest,3
flat,3
follower,3
formel,3
frag,3
fragemarathon,3
frei,3
freunde,3
früher,3
funktioniert,3
gastkommentar,3
gedanken,3
gefallen,3
gegebenem,3
gehen,3
gelesen,3
gemerkt,3
geräte,3
gericht,3
geschäftsmodelle,3
geschichte,3
geschickt,3
geschrieben,3
gesetze,3
gesucht,3
gewalt,3
gewinn,3
gewinner,3
gewonnen,3
gezwungen,3
glaubt,3
gleich,3
grills,3
groß,3
großen,3
größte,3
halt,3
halten,3
harte,3
hashtag,3
helping,3
hinweg,3
hobby,3
hoffen,3
hören,3
insgesamt,3
inszeniert,3
interessieren,3
irgendeiner,3
irgendwie,3
iz,3
je,3
jeher,3
jesse,3
jessie,3
jmd,3
jüngsten,3
junior,3
kämpfen,3
kennedy,3
kennt,3
kleinen,3
komm,3
kongr,3
kongressanhörung,3
kongresses,3
konsequenz,3
korrespondent,3
kreisen,3
kreuzverhör,3
krise,3
kurs,3
kurzer,3
lächeln,3
lage,3
las,3
lästern,3
läuft,3
laut,3
laviert,3
leid,3
lesenswert,3
letztlich,3
life,3
links,3
mai,3
mann,3
männer,3
marktforschers,3
mensch,3
menschheit,3
middle,3
minuten,3
moderator,3
moderatoren,3
mögliches,3
mrd,3
mueller,3
müsste,3
müssten,3
mut,3
nachlese,3
nächstes,3
neben,3
nette,3
neuen,3
neues,3
nope,3
nsb,3
nutz,3
öffentlich,3
opt,3
passieren,3
passiert,3
persönlichen,3
photo,3
plan,3
plant,3
pokerface,3
pol,3
privacy,3
privaten,3
probe,3
punktsieg,3
reguliert,3
reich,3
repräsentanten,3
rolle,3
runde,3
sache,3
sachen,3
sage,3
sah,3
sammelt,3
sandberg,3
satz,3
sc,3
schafft,3
scheiße,3
schlägt,3
schließlich,3
schreiben,3
schreibt,3
schuldet,3
sehe,3
seht,3
si,3
sieger,3
sinn,3
soziale,3
soziales,3
spannend,3
spannende,3
spaß,3
sperren,3
spielen,3
star,3
stimmen,3
stories,3
stuhl,3
stunde,3
sünder,3
süße,3
tagblatt,3
tagen,3
tagesschau,3
taten,3
technik,3
tel,3
telefoniert,3
testen,3
text,3
thomas,3
trat,3
tritt,3
trouble,3
trug,3
übernachtet,3
übernehmen,3
überstanden,3
unweigerlich,3
userdaten,3
usern,3
verändern,3
verantwortlich,3
verbessern,3
vergessen,3
verhör,3
verkaufen,3
verleger,3
verloren,3
vernetzte,3
verrät,3
vielmehr,3
vo,3
volle,3
vollkommen,3
vorschläge,3
vorwurf,3
wahre,3
weitergabe,3
werbefreies,3
wiederholt,3
windet,3
witze,3
witzig,3
wochenende,3
wollten,3
wussten,3
zeigen,3
zensieren,3
zuckerbergtestimony,3
zuckerborg,3
zuhöre,3
aberdem,2
abgehakt,2
abgeriffen,2
abgestritten,2
ablenk,2
ablenkung,2
abrechnung,2
abrichten,2
absent,2
absolut,2
absurde,2
abt,2
abzuarbeiten,2
ad,2
agb,2
agenda,2
agentur,2
agiert,2
agree,2
agreement,2
ah,2
äh,2
aha,2
ähnlichen,2
ahnungslosen,2
ahnungslosigkeit,2
aka,2
aktienanleihen,2
aktienkurs,2
aktienmärkten,2
aktiv,2
aktiven,2
aktuell,2
algorithmen,2
allgemeine,2
allmachtsphantasien,2
alternative,2
altersregelung,2
amerika,2
amerikanisch,2
amerikanischer,2
amtierend,2
amtierende,2
analysis,2
analytics,2
anbieten,2
andauernd,2
android,2
angeblich,2
angeblichen,2
angemeldete,2
angeschaut,2
anhör,2
anhöru,2
anonym,2
ans,2
ansehen,2
ansichten,2
ansieht,2
antwortet,2
anzuge,2
api,2
arbeit,2
arbeitet,2
ard,2
armer,2
arten,2
artikeln,2
au,2
aufbauen,2
auffassung,2
aufgebaut,2
aufmacher,2
aufnahmestopp,2
aufpassen,2
aufregen,2
aufregung,2
aufschwung,2
aufsetzen,2
aufspaltung,2
aufständischen,2
aufsteigend,2
aufstieg,2
aufwa,2
auge,2
augen,2
ausage,2
auseinander,2
ausgefeiltes,2
ausgege,2
ausgeloggt,2
ausgesprochen,2
auskunft,2
ausländer,2
ausnahmsweise,2
auswählt,2
ausweichen,2
ausweichend,2
auszubeuten,2
auszudrücken,2
automatisierte,2
auts,2
bäcker,2
balthasars,2
banken,2
barley,2
barr,2
baum,2
beckedahl,2
bedenklicher,2
bedeutenden,2
bedeutet,2
bedrängnis,2
beendet,2
begegnet,2
beginnt,2
behaupten,2
bein,2
beispielsweise,2
bekannte,2
bemüht,2
benötigt,2
beobachter,2
bequemlichkeit,2
beratern,2
berichte,2
berichten,2
bersviller,2
bescheid,2
beschnitten,2
beschrieben,2
beschützt,2
besiegt,2
besitzen,2
besitzt,2
bestätigun,2
bestens,2
bestraft,2
besucht,2
betont,2
betra,2
betriffts,2
betroffene,2
beyondglobal,2
bezah,2
bezahlmodell,2
bezahlmodells,2
bezahlvariante,2
bilanz,2
bilder,2
bisschen,2
bizarren,2
blamierte,2
blasser,2
blicken,2
blieb,2
blocker,2
bloß,2
bmelv,2
board,2
boarding,2
bock,2
börsenkurs,2
brachte,2
branche,2
brauche,2
brauchen,2
braucht,2
breaking,2
breaksdown,2
brebeck,2
brennt,2
browser,2
brunsmann,2
buchstaben,2
bürgermeister,2
businessmod,2
bußgel,2
buttons,2
canossagang,2
catch,2
censoring,2
china,2
cola,2
college,2
commentary,2
community,2
company,2
computer,2
content,2
continues,2
cookie,2
cookies,2
cust,2
cyborg,2
dahmer,2
damn,2
dankt,2
datendiebstahl,2
datenhandel,2
datenpannen,2
datenschützer,2
datenschutzskandal,2
deaktivieren,2
demands,2
demokratische,2
demütigen,2
denen,2
denkst,2
desaster,2
desto,2
deswegen,2
deutscher,2
dicht,2
dient,2
digitalen,2
digitalisierung,2
director,2
diskutiert,2
dokum,2
dol,2
dolla,2
don,2
doppelgänger,2
dpa,2
drama,2
dramaturgisch,2
drängt,2
drohen,2
dsgvo,2
dunklen,2
dünn,2
ebenfall,2
ebenso,2
echt,2
eek,2
effekt,2
eid,2
eifrig,2
eigenen,2
eigentümer,2
einf,2
eingangsstatement,2
eingestellt,2
einkaufszentrum,2
einläuten,2
einschätzung,2
einschränkungen,2
einsicht,2
einstudierte,2
einwerfen,2
einzelnen,2
empören,2
endes,2
eng,2
enorm,2
entgrenzte,2
entlarvende,2
entlarvte,2
entscheidenden,2
entscheidet,2
entschuldigung,2
entschuldigungstour,2
entsprechende,2
episode,2
erases,2
erde,2
erdo,2
erfährst,2
erfinden,2
erfolgreich,2
erfrischend,2
ergaben,2
ergebnisslosen,2
ergibt,2
erhalten,2
erhöhen,2
erhöht,2
erka,2
erklärte,2
ernst,2
eröffnet,2
erscheint,2
erschütternd,2
erstaunt,2
europäische,2
evakuie,2
ewige,2
exklusiv,2
explosion,2
eye,2
facebookversion,2
facepalm,2
failing,2
fakten,2
fällt,2
falsch,2
falschheit,2
familie,2
familienfeier,2
familienunternehmen,2
fasse,2
fassung,2
fäustchen,2
fazit,2
fed,2
ferienfotos,2
finanzforum,2
firmenlenker,2
flut,2
fol,2
folgende,2
fördert,2
forscher,2
fotografiert,2
founder,2
fragst,2
fragten,2
freien,2
freiwillig,2
freundeskreis,2
friedhelm,2
frisur,2
früh,2
führ,2
führen,2
funktion,2
gag,2
ganzes,2
gebote,2
gebrauch,2
gebraucht,2
gefährden,2
gefährdet,2
gefahren,2
gefährliche,2
gefällt,2
gefiltert,2
gefordert,2
gefühl,2
geglättet,2
gegrillten,2
gegründet,2
gehabt,2
geheimnis,2
gehör,2
gehören,2
gehörig,2
geistiges,2
gekä,2
geläuterten,2
geldgeile,2
gelohnt,2
gelöst,2
gemeinnützige,2
gemeinsamer,2
genfer,2
geniale,2
gepasst,2
gern,2
gerufen,2
gesamte,2
gesamten,2
geschafft,2
geschäft,2
geschäftsgebahren,2
geschäftsmode,2
geschlafe,2
geschlafen,2
geschwätz,2
gesetzgebende,2
gesichtsausdruck,2
gesichtsbuch,2
gespalten,2
gespannt,2
gestalten,2
gestrig,2
gewehrt,2
gewinnt,2
gewohnt,2
gewusst,2
gewußt,2
gezündet,2
gib,2
ging,2
glatt,2
glaubwürdig,2
gleichzeitig,2
global,2
goethes,2
gott,2
grade,2
gratisversion,2
grauem,2
griff,2
großartige,2
größe,2
großer,2
größer,2
großes,2
größten,2
größtmöglichen,2
groteske,2
grund,2
grundgehalt,2
grundlegende,2
grundsätzlich,2
grüne,2
günaydin,2
gutenberg,2
gutes,2
gutgläubigen,2
gutmeinender,2
hacken,2
halbe,2
halbes,2
halbherziges,2
hallelujah,2
hallo,2
haltung,2
hämischer,2
han,2
handel,2
handlungen,2
handy,2
handys,2
harmlosen,2
harten,2
hartnäckig,2
hatespeech,2
hauptsaechlich,2
heiko,2
heilig,2
heimlich,2
held,2
herausstellt,2
herrlich,2
herrschaften,2
hersteller,2
herunterladen,2
hervorragender,2
heuchler,2
heulen,2
heutiges,2
hey,2
hilflosigkeit,2
hinrich,2
hinrik,2
hintergrund,2
hoch,2
höchstwahrscheinlich,2
hoffe,2
hoffentlich,2
hohe,2
höhepunkt,2
höhlenmenschen,2
hölle,2
horizont,2
hört,2
hörten,2
hose,2
hotels,2
humor,2
idee,2
ih,2
illegale,2
images,2
imperator,2
imperium,2
information,2
informieren,2
inh,2
inhalten,2
initiativ,2
initiiert,2
inne,2
innenminister,2
installiert,2
instigators,2
int,2
interessante,2
interesse,2
interne,2
interviewausschnitt,2
invest,2
investier,2
investoren,2
irland,2
ironisch,2
itunes,2
jahresende,2
jan,2
janich,2
jedenfalls,2
jeffrey,2
jerome,2
jet,2
kampf,2
kapitalgesteuerte,2
kapuzenpulli,2
kategorien,2
kehrt,2
keller,2
kennen,2
kerl,2
kern,2
ki,2
kino,2
klarer,2
kleine,2
kleinlaut,2
kleinunternehmer,2
klingt,2
knackig,2
knallhart,2
koffer,2
kohle,2
köln,2
kommentierung,2
kommunikation,2
kompl,2
komplett,2
konformen,2
kongressabgeordnete,2
könig,2
konkurrenten,2
könne,2
konsu,2
konto,2
kontroverse,2
konzept,2
körperreaktion,2
korrespondnet,2
kostenpflichtige,2
krass,2
kriege,2
krisensituation,2
kritiker,2
kulturwandel,2
künftig,2
künstli,2
kuriose,2
kurzem,2
labberigen,2
langweilig,2
lecker,2
leer,2
legitimierung,2
lehnt,2
leicht,2
leistete,2
lesenswerten,2
letter,2
letztens,2
leyen,2
liebenswürdig,2
liefere,2
liefern,2
liefert,2
liegt,2
linkslastigkeit,2
lobb,2
lobbyeinfluss,2
lockere,2
lockeren,2
lösbar,2
lösen,2
löst,2
love,2
lügner,2
lustigsten,2
mache,2
mächtig,2
mächtiger,2
machtwirtschaft,2
mails,2
male,2
mamani,2
manier,2
manuelle,2
mar,2
marathon,2
märchen,2
märchenstunde,2
marketer,2
marketing,2
marktwirtschaft,2
markzuckerberg,2
masche,2
maßnahmen,2
mater,2
maxim,2
md,2
meded,2
medialer,2
mediensoziologen,2
mehrfach,2
mehrwert,2
meinungsbildung,2
merh,2
merkst,2
messages,2
messenger,2
michael,2
micht,2
millia,2
milliardäre,2
millionenfach,2
missliebige,2
mitgliedern,2
mitleiderregende,2
mitteilst,2
mode,2
modell,2
moderate,2
möglichen,2
möglichkeiten,2
möglichst,2
möhring,2
moin,2
momentan,2
momenten,2
monat,2
mond,2
monopolen,2
moralgesteuerte,2
morning,2
münchen,2
murks,2
mussten,2
müsstet,2
muther,2
mutmaßl,2
nachahmer,2
nachbartisch,2
nachrichtenüberblick,2
nackedeis,2
nagel,2
nagelt,2
nannte,2
navidi,2
nebelkerzen,2
nen,2
netzwerken,2
neuerd,2
neuland,2
neutrale,2
neuzeit,2
ni,2
nic,2
niveau,2
normalerweise,2
nötigste,2
null,2
nuss,2
nutshell,2
nutzerinnen,2
nützliche,2
nutzt,2
nützt,2
nutzung,2
oath,2
oberheuchler,2
offenbaren,2
öffentl,2
öffentlichen,2
offline,2
öffnet,2
oftmals,2
ökonomische,2
oliver,2
org,2
organi,2
ottos,2
outfit,2
palpatine,2
papagei,2
papst,2
pause,2
penner,2
persönlich,2
perspektiven,2
petition,2
phras,2
physisch,2
piden,2
pinkel,2
plänen,2
platz,2
plötzlich,2
politische,2
popeligen,2
positionieren,2
pr,2
präsidentschaftswahl,2
preisgeben,2
preiszugeben,2
president,2
prinz,2
prinzipiell,2
private,2
proaktiv,2
produktion,2
prof,2
profi,2
profilfoto,2
profis,2
profitieren,2
protest,2
prüfe,2
prügeln,2
puncto,2
qual,2
qualitätsjournalismus,2
rahmen,2
rangenommen,2
raum,2
realität,2
rechten,2
rechtfertigen,2
redet,2
regelmäßigkeit,2
regionale,2
reinzuwaschen,2
relevant,2
rentner,2
renuncie,2
report,2
respektvoll,2
reuige,2
rhetorik,2
richtige,2
riese,2
riesigen,2
rigoros,2
rollt,2
roseanne,2
rückfragen,2
russe,2
sachkenntnis,2
sandra,2
säubern,2
schadensbegrenzung,2
schattenprofile,2
schauspiel,2
schimpfen,2
schloss,2
schlucker,2
schmidt,2
schmiert,2
schmusekurs,2
schniedel,2
schönen,2
schöner,2
schöpfung,2
schr,2
schräg,2
schritt,2
schulabschluss,2
schuldbekenntnis,2
schuldirektor,2
schule,2
schütze,2
schutzes,2
schwachsinn,2
schwächt,2
schwierig,2
schwierigste,2
scrutiny,2
seele,2
segeln,2
sehenswert,2
seitenbetreiber,2
sel,2
selben,2
selbstinszenierung,2
selbstverständlich,2
seliger,2
sena,2
senats,2
senatshearings,2
sender,2
senior,2
serviervorschlag,2
setzen,2
setzt,2
sevilla,2
shirt,2
shortnews,2
sic,2
signalisiert,2
simple,2
sin,2
sina,2
sinnvolles,2
sitzerhöhung,2
snowden,2
soap,2
sofern,2
software,2
sog,2
sogenannte,2
solang,2
sommerloch,2
sommerschnupfen,2
sonstiges,2
sortiert,2
souveräner,2
sowie,2
soz,2
spannenden,2
spannender,2
spannendes,2
speerfeuer,2
speichert,2
sperrung,2
spiegel,2
spiel,2
sponsoren,2
spotify,2
sprachlos,2
sprießen,2
spur,2
spüren,2
stance,2
stand,2
standards,2
ständig,2
standing,2
stark,2
stärkere,2
startete,2
statement,2
statements,2
steckt,2
steig,2
steile,2
stellte,2
stellung,2
stolz,2
stop,2
storm,2
stört,2
stottern,2
strafgesetzbuchs,2
straight,2
strea,2
strenge,2
strenger,2
strich,2
stundenlang,2
stundenlange,2
stundenlohn,2
suchen,2
suchte,2
sucks,2
sucktheberg,2
sunnyboy,2
super,2
suppe,2
süß,2
symbolbild,2
symbolischen,2
sympathische,2
synonym,2
tauschen,2
te,2
techni,2
technologieaktien,2
teenies,2
teilte,2
tenor,2
terrorism,2
tests,2
teufel,2
teure,2
texte,2
themen,2
tiefere,2
tiger,2
timeline,2
times,2
tn,2
töne,2
tools,2
tot,2
totalitarismus,2
tour,2
track,2
tracke,2
tragisch,2
tragweite,2
tränen,2
träumen,2
treu,2
triumphiert,2
trolling,2
tummelplatz,2
turbulenter,2
tweet,2
überhebl,2
überlassen,2
übermächtigen,2
überzeugt,2
umgangs,2
umgekehrt,2
umsetze,2
umstrittenen,2
unbef,2
undermines,2
unfassbar,2
unfreiwil,2
unfug,2
unglaubwürdig,2
unsafe,2
unschuldige,2
unterbunden,2
unterdrücken,2
unternehmensko,2
unterwürfigkeitsgebärde,2
unwissen,2
update,2
userverhalten,2
vagen,2
veränderungen,2
verantwor,2
verantwortl,2
verbesserungen,2
verbindet,2
verbotenes,2
verbraucher,2
verbreiten,2
verdiente,2
verdreht,2
verfolgt,2
vergleich,2
verhindern,2
verifizierung,2
verkehrt,2
verkommen,2
verkündet,2
verlassen,2
verläufe,2
verlinkt,2
verlust,2
vermeidet,2
verräterisches,2
versagt,2
verschärfung,2
verschiebt,2
versprechen,2
verstanden,2
verständnis,2
versuch,2
versus,2
vertreter,2
verurteilt,2
verwendet,2
verwunderlic,2
videoanalyse,2
videoclip,2
vie,2
view,2
viral,2
visualisiert,2
vorgibst,2
vorne,2
vornehmen,2
vorwerfen,2
vorzeigeunternehmer,2
vorzuwerfen,2
vw,2
wacker,2
wahl,2
wahlbeeinflussung,2
wähle,2
wahlen,2
wahr,2
wahrheit,2
wandel,2
wären,2
warte,2
webseiten,2
wege,2
weh,2
weise,2
weitergeht,2
wel,2
welten,2
weltgrößte,2
wenigsten,2
wenigstens,2
werbefreien,2
werbeindustrie,2
weshalb,2
wichtigster,2
widerlichen,2
wiedersprach,2
wildteilen,2
wilke,2
willkommen,2
win,2
wind,2
winkelvoss,2
winklevoss,2
wirds,2
wirkt,2
wirtschaftswoche,2
wissenslücken,2
wisst,2
witzigsten,2
wogen,2
woher,2
wohltäter,2
woods,2
word,2
worde,2
wort,2
worte,2
worten,2
wortschatz,2
wotan,2
wuchs,2
wunderkind,2
wundermütze,2
wundern,2
wünschen,2
zauberlehrling,2
zentrale,2
zi,2
zielgerichtete,2
zuckerman,2
zufrieden,2
züge,2
zugetraut,2
zukun,2
zusammengefasst,2
zusammengestellt,2
zuschauer,2
zuständigen,2
zuversichtlich,2
zweifelsohne,2
zwerg,2
ä,1
abb,1
abends,1
abfallwir,1
abfallwirts,1
abgebrüht,1
abgef,1
abgeht,1
abgelegt,1
abgelesen,1
abgenommen,1
abgeordneten,1
abgesprochen,1
abgestiegen,1
abgestumpft,1
abgreifen,1
abhanden,1
abiprüfung,1
ablaufen,1
ablenku,1
ablenkungsmanöver,1
absatz,1
absehbar,1
abseits,1
absichtlich,1
absolvieren,1
abzieht,1
accumulator,1
ach,1
achim,1
achte,1
achtkantig,1
acryl,1
adam,1
ads,1
adtech,1
afd,1
affäre,1
affilidays,1
agehal,1
aggregateiq,1
ähnlich,1
ähnliche,1
ai,1
aktenmappe,1
akteu,1
aktionäre,1
aktivisten,1
albert,1
alexa,1
allerletzten,1
allgemeing,1
allüren,1
altcoin,1
alter,1
amazon,1
amerik,1
amerikanische,1
amerikanischem,1
amerikanischen,1
amerikas,1
ami,1
amtierender,1
amüsiert,1
anal,1
andenken,1
änder,1
andererseits,1
anderson,1
andersrum,1
änderungen,1
andeutung,1
androide,1
anfänge,1
angebliche,1
angebote,1
angefangen,1
angegriffen,1
angeguckt,1
angeht,1
angelegt,1
angemeldet,1
angereister,1
angerufen,1
angespannt,1
angestellt,1
angriffe,1
angst,1
anhörern,1
anna,1
anschließend,1
ansgar,1
anteile,1
anti,1
anvertrauten,1
anwälten,1
anwendungen,1
anzahl,1
anzubieten,1
ap,1
apologises,1
appelliert,1
apple,1
apples,1
apply,1
appost,1
aprilausgabe,1
aprilscherz,1
arabischen,1
arabisches,1
arc,1
argwöhnisch,1
armaturen,1
armselig,1
arrest,1
arsch,1
artig,1
atwood,1
aufgefordert,1
aufgegeilt,1
aufgenommen,1
aufgeregt,1
aufgeschrieben,1
aufrichtigen,1
aufschrei,1
augenhöhe,1
ausbeißen,1
ausbricht,1
ausdrucks,1
ausfragt,1
ausgedacht,1
ausgeliefert,1
ausgenommen,1
ausgesetzt,1
ausma,1
ausprobiert,1
ausreden,1
aussagekraft,1
aussagt,1
aussah,1
ausschüssen,1
auße,1
außenstände,1
äussert,1
äußerungen,1
aussieh,1
austretern,1
ausverkauf,1
auswertung,1
auszüge,1
auszugle,1
auszulöschen,1
auszuspähen,1
automation,1
autor,1
awareness,1
azo,1
ba,1
baby,1
babymarkt,1
bad,1
bademantel,1
band,1
bände,1
barter,1
bashing,1
bat,1
battlefront,1
bauernopfer,1
baut,1
bayern,1
bayreuth,1
bder,1
beachten,1
beantwortet,1
bedauern,1
beedient,1
beeinf,1
befindet,1
befragungen,1
befürchtungen,1
befürworter,1
begleiterscheinung,1
behauptet,1
behörden,1
beichte,1
beigeschmack,1
beispiels,1
beitrag,1
bekämpfen,1
bekommst,1
belauschen,1
belügen,1
beme,1
bemerken,1
bemess,1
bemessung,1
ben,1
beneiden,1
benutzen,1
bereich,1
bereitet,1
bereue,1
berga,1
berge,1
berggipfel,1
beruhigt,1
berühmt,1
beschäftigt,1
beschmipft,1
beschuss,1
beschwichtigungen,1
besitzer,1
besorgniserregenden,1
besorgniserregendste,1
besorgter,1
bestätigt,1
bestaunen,1
betagter,1
beteiligung,1
beteuerungen,1
betr,1
betrieben,1
betrogen,1
betrüger,1
bewegt,1
bewegung,1
bewegungsmuster,1
beweis,1
bewiesen,1
bezahlmodelle,1
bezahlt,1
bezahlte,1
bezeichnend,1
bezeichnung,1
bezos,1
bezug,1
bias,1
bieten,1
bietet,1
bilde,1
bilden,1
bildet,1
bildmaterial,1
billiardenhöhe,1
billig,1
biopic,1
bisherige,1
bisserl,1
bitch,1
bitcoin,1
bitter,1
bitterberg,1
black,1
bleistift,1
blickenden,1
blickt,1
blink,1
blöd,1
blog,1
blogger,1
bö,1
boar,1
bohei,1
börsenplus,1
böser,1
böses,1
boss,1
bosse,1
botschaften,1
box,1
boxen,1
boy,1
boykottiere,1
bpdamals,1
brabbeln,1
brandmarkt,1
brasilien,1
briefing,1
brunello,1
bspw,1
btsc,1
buchamade,1
buchen,1
bühne,1
build,1
bullshit,1
bundestags,1
bundestagswahlen,1
bundeswehr,1
buntes,1
burkard,1
burkina,1
business,1
buslinie,1
büßergewa,1
butto,1
buy,1
bzgl,1
cagaste,1
californien,1
camebridge,1
cancer,1
caro,1
carrey,1
carsten,1
cc,1
ch,1
chat,1
che,1
checkt,1
chemie,1
chinesische,1
chuck,1
cia,1
circle,1
ckzuker,1
class,1
clever,1
clinton,1
clou,1
cloud,1
cmd,1
coaching,1
cocktail,1
comedypreis,1
comfortable,1
comics,1
comments,1
commerzbank,1
commitment,1
congressman,1
congresswoman,1
cook,1
copies,1
couleur,1
creamatix,1
cucinelli,1
culpa,1
cybersicherheit,1
dachtet,1
dada,1
dadurch,1
dagegen,1
dämlichen,1
dara,1
datenabfluss,1
datenauskun,1
datenficker,1
datenfre,1
datenhändler,1
datenklauer,1
datenkontrolle,1
datenmar,1
datensammlung,1
datenschutzgründen,1
datenschutzgrundverordnung,1
datenschutzrege,1
datenschutztechnisch,1
datenska,1
datensskandal,1
datenvermietung,1
dateschutzreegelen,1
dauerdruck,1
day,1
dazwischen,1
dealer,1
defends,1
defensiv,1
define,1
degradiert,1
deichmann,1
deletes,1
deluxe,1
demokr,1
demokra,1
demolishes,1
demütig,1
denk,1
denke,1
dennoch,1
deppen,1
derartigen,1
derausw,1
deutsc,1
deutsch,1
deutsches,1
devo,1
diabetes,1
dialog,1
dialoge,1
diccpicc,1
didesak,1
diebstahl,1
dienen,1
dienstagmorgen,1
dienstleistung,1
diesel,1
dieselgate,1
diesmal,1
dig,1
digitales,1
digitalindustrie,1
diktatur,1
dimension,1
ding,1
dings,1
dinkleburg,1
direction,1
direkt,1
direkto,1
dirk,1
diskussionsthema,1
diskutierten,1
dödelhausen,1
dominas,1
donn,1
donnerstag,1
doof,1
downgrade,1
dr,1
dram,1
dramaturgie,1
dran,1
drauf,1
drauftippen,1
dre,1
drehbuchautor,1
dreist,1
drillen,1
drittanbietern,1
dritthersteller,1
drohender,1
drop,1
druckt,1
dsm,1
dude,1
dunkelblauen,1
durchführen,1
durchsichtig,1
dürfen,1
ec,1
ecommerce,1
effizienteste,1
ehrgeiz,1
ehrliche,1
eides,1
eier,1
eigener,1
eigens,1
einbestellt,1
eingebrannt,1
eingefa,1
eingeladen,1
eingeschleust,1
eingeschlossen,1
eingestanden,1
einheit,1
einholen,1
einladung,1
einsetzt,1
einstein,1
eintausch,1
eintritt,1
einwilligung,1
einzigen,1
einzugestehen,1
einzulesen,1
einzureichen,1
eis,1
eisenbahn,1
eiskalt,1
eitle,1
eklatante,1
emerges,1
emoji,1
emotionslos,1
en,1
endeffekt,1
endlos,1
engaged,1
engelmann,1
englisch,1
englischen,1
enthüllte,1
entrüstet,1
entschuldig,1
entschuldigungs,1
epidemie,1
epischen,1
equifax,1
erdet,1
erfahren,1
erfahrener,1
erfinder,1
erfolg,1
erfolgreichste,1
erfuhr,1
erfüllen,1
ergehen,1
erhalte,1
erhebt,1
erholt,1
erinnern,1
erinnert,1
erinnerte,1
erivan,1
erkennen,1
erkläre,1
erklärung,1
ermöglicht,1
ernstes,1
ernüchternd,1
ersta,1
erstellen,1
erstellt,1
erster,1
erstmal,1
erwachen,1
erwachsen,1
erwarten,1
erwischt,1
ethisch,1
ethisches,1
etwa,1
europäer,1
europäesch,1
europaparlaments,1
europas,1
event,1
evers,1
evil,1
ewigen,1
excessive,1
exec,1
existiert,1
expandiert,1
extreme,1
extremely,1
ey,1
fac,1
facbooks,1
facebo,1
facebookaccount,1
facebooknutzer,1
fachlich,1
faden,1
fahren,1
fahrer,1
fails,1
fakeaccounts,1
fakt,1
fallen,1
falsche,1
falschen,1
fan,1
fandet,1
fans,1
fas,1
faso,1
fassen,1
fault,1
fe,1
feed,1
fehlt,1
fehlte,1
feisty,1
feld,1
festgestellt,1
festspielen,1
fett,1
feuerwerk,1
fiese,1
filetiert,1
film,1
filme,1
finanz,1
finger,1
fire,1
firmenwerbung,1
fischer,1
fit,1
fitting,1
flasche,1
fliehen,1
flounders,1
flucht,1
flüsterte,1
folge,1
follow,1
folter,1
footbal,1
fordern,1
fordert,1
formlos,1
forster,1
fortsetzung,1
fotogenen,1
fotogra,1
fragenden,1
fragestunden,1
fragte,1
fraktionschef,1
fraktionsvorsitzender,1
frank,1
frankenstein,1
frappierend,1
frech,1
free,1
freibier,1
freiburg,1
freitag,1
fresse,1
freue,1
freundin,1
freut,1
frisch,1
frise,1
fröhlich,1
frühling,1
frühlingsstart,1
frust,1
fü,1
fuckup,1
fühlen,1
führungsverhalten,1
fuiste,1
fun,1
fürchten,1
gaines,1
gang,1
ganzen,1
gdpr,1
gearbeitet,1
gebommen,1
geboten,1
gecko,1
gediegenen,1
gedruckt,1
gefährlich,1
gefängnis,1
gefeiert,1
geflogen,1
gefügig,1
gefühlsmaschine,1
gefühlte,1
gegeben,1
gegebenen,1
gegner,1
gehackt,1
geheimes,1
geheuchelte,1
geil,1
geisterte,1
geklappt,1
geklaut,1
gekommen,1
gelaufen,1
geldgeilen,1
geldstrafe,1
geleakt,1
gelegenheit,1
gelogen,1
gelöschte,1
geltendes,1
gemac,1
gemach,1
gemeinde,1
gemeinschaftsregeln,1
gemeint,1
gemeinter,1
genagelt,1
generalinspekteur,1
genialste,1
genmanipulierte,1
genossen,1
gentlemen,1
genügt,1
gepampert,1
ger,1
geradestehen,1
gerät,1
gering,1
geröstet,1
gesc,1
geschäfts,1
geschäftsführer,1
geschäftsführerin,1
geschäftsmodells,1
geschnitten,1
geschriebe,1
geschützt,1
gesells,1
gesetz,1
gesetzen,1
gesetzgebung,1
gesetzliche,1
gesetzmäßigkeiten,1
gespeichert,1
gespendet,1
gesperr,1
gespielt,1
gespürt,1
gestärkt,1
gestattete,1
gesten,1
gestrige,1
gestriger,1
geteilt,1
gewachsen,1
gewaltig,1
geweigert,1
gewerblichen,1
gewinne,1
gewirr,1
gewisse,1
gewisses,1
gewitt,1
gewohnten,1
gezogen,1
gi,1
giants,1
gigantisches,1
gilt,1
gingen,1
ginn,1
gitarrenunterricht,1
glaskugel,1
glaub,1
gleichem,1
gleichen,1
gleiches,1
globalem,1
globally,1
gmbh,1
goldenen,1
gordopack,1
gouverneure,1
gr,1
grad,1
grafik,1
graham,1
grandprix,1
graue,1
graues,1
graumelierte,1
graw,1
graz,1
greenhorn,1
grilled,1
grillsaison,1
grob,1
gröberes,1
gross,1
großeltern,1
großteil,1
grotesk,1
grundlage,1
grundproblem,1
grundrechte,1
grundschulklasse,1
grundschultest,1
grundsteuer,1
gründung,1
gründungsjahren,1
grundveror,1
grundverordnung,1
grundverständnis,1
gruppenkommunikation,1
grusel,1
gu,1
guest,1
guide,1
guitar,1
gunst,1
haarentfernung,1
haarschnitt,1
haftbefehl,1
haha,1
halbherziger,1
halteverbot,1
handeln,1
handvoll,1
hanktronic,1
har,1
harald,1
harter,1
härter,1
hartes,1
hartnäckigkeit,1
harva,1
harvey,1
hass,1
hätt,1
haub,1
haufen,1
hauptproblem,1
hauptrolle,1
hauptstadt,1
hause,1
hautanzug,1
hawaiianischen,1
height,1
heim,1
heinrich,1
helfen,1
herau,1
heraus,1
hereingebrochen,1
herum,1
hervor,1
hervorgehen,1
herzen,1
hetze,1
hetzt,1
heuchlerisch,1
heutige,1
heutigen,1
hiermit,1
hierzu,1
hieß,1
highlight,1
hilflosen,1
hinaus,1
hinbekommen,1
hinüber,1
hinweisen,1
hinzukommt,1
hmmmmmm,1
höchste,1
höchstem,1
hohles,1
holding,1
hollywood,1
holt,1
holz,1
homer,1
hörenswerter,1
hörer,1
hörig,1
hornberger,1
hot,1
house,1
howahkan,1
hq,1
ht,1
huateng,1
human,1
hut,1
ic,1
ice,1
idi,1
idioten,1
iert,1
ifade,1
ignore,1
ignorieren,1
illustration,1
ilus,1
imbarazzante,1
imperien,1
individuell,1
informiert,1
informierte,1
infos,1
infrastruktur,1
ingenieur,1
inkl,1
inkompetenten,1
innere,1
instant,1
instinkt,1
institutionen,1
inszenierte,1
inszenierung,1
integriert,1
intellektueller,1
intensität,1
intensiviert,1
interessanten,1
interessenskonflikt,1
international,1
internationalen,1
internes,1
internetfirmen,1
internetgiganten,1
internetkapitalismus,1
internetnutzer,1
internetz,1
interviewt,1
investigation,1
investmentfirma,1
inzwischen,1
irgendwann,1
irritiert,1
isbg,1
isolierte,1
isst,1
j,1
jagd,1
jahrelang,1
jahrhundert,1
jammern,1
januar,1
jeans,1
jedweder,1
jesus,1
ji,1
jim,1
jm,1
joe,1
joel,1
joschka,1
journal,1
jourov,1
jourova,1
julia,1
junky,1
jus,1
justizsenats,1
ka,1
kaffeemaschine,1
kämpft,1
kanonenfutter,1
kanzlerin,1
kaplan,1
kaputt,1
karl,1
kategorie,1
kau,1
kenn,1
kenntnisreiche,1
kennzeichen,1
kfz,1
kimdir,1
kiste,1
klagen,1
klang,1
klasse,1
klassi,1
klaut,1
klebt,1
klein,1
klemme,1
klingen,1
klinikliste,1
klischees,1
klo,1
kluft,1
kluge,1
kmt,1
knabe,1
knapp,1
kobek,1
kollegen,1
kolumnist,1
komische,1
komme,1
kommilitonen,1
kommiss,1
kommission,1
kommunikativ,1
komplette,1
komplexer,1
kompliziert,1
komplizierte,1
konfirmandenunterricht,1
konfirmanten,1
kongressaussage,1
kongressmitglieder,1
konkret,1
konkurrenz,1
kons,1
konse,1
konstatieren,1
kontodaten,1
konträre,1
konzepte,1
konzerngewinn,1
konzernspitze,1
kopfüber,1
körpersprache,1
kost,1
kostenpflichtiges,1
kraftberg,1
kräftig,1
krank,1
krasse,1
kratzt,1
kremlin,1
kriegt,1
krisen,1
kriterienkatalo,1
kritisch,1
kritische,1
kritisieren,1
kühnem,1
kujat,1
künstlicher,1
kuriosesten,1
kurt,1
kurzum,1
kw,1
la,1
lächerlich,1
lächerlicher,1
ladies,1
langen,1
längst,1
lärm,1
lasche,1
läßt,1
laufenden,1
lauter,1
lautes,1
lautet,1
le,1
leaning,1
lebensmitteln,1
lebt,1
left,1
lego,1
legte,1
leichteren,1
leichtgläubige,1
leider,1
leiten,1
leitende,1
leiwand,1
lektion,1
lese,1
leseexemplare,1
lesenwert,1
letzter,1
leu,1
level,1
liberale,1
lieb,1
lieben,1
liebend,1
liebes,1
liebeskugeln,1
lieblingsantwort,1
liebt,1
liegen,1
lindsey,1
linguistik,1
lippenbekenntnissen,1
liverpool,1
livest,1
locker,1
logik,1
logout,1
lohnt,1
lol,1
loool,1
lore,1
los,1
löscht,1
losgehen,1
lösung,1
lsd,1
lt,1
lügen,1
lügengeschichten,1
lust,1
lysergsäurediethylamid,1
maccop,1
machtbesessen,1
madrid,1
magazin,1
mail,1
makes,1
managerin,1
managern,1
manipulation,1
manipuliert,1
männerrechtlern,1
marionette,1
marketingsicht,1
markey,1
markt,1
martin,1
märz,1
maschmeyer,1
maskenhafte,1
massen,1
massenbetrüger,1
maßstab,1
matrimony,1
maximierung,1
mbs,1
mccarthy,1
mcdo,1
mdr,1
mea,1
meckern,1
medialen,1
mediapark,1
medienscheu,1
medientour,1
meet,1
mehrheitlich,1
mei,1
meinte,1
meist,1
meldungen,1
menge,1
menschheitsgeschichte,1
menschlich,1
merke,1
merkwürdig,1
merkwürdige,1
merkwürdigerweise,1
merkwürdigliebe,1
mic,1
microsoft,1
mikrozellen,1
mill,1
milliardär,1
milliardenschwer,1
min,1
minder,1
mining,1
minute,1
minutes,1
miracle,1
missbrauchen,1
missbräuchliche,1
misstrauen,1
mitarbeiter,1
mitbekommen,1
miteinander,1
mitglieder,1
mitgliederversamm,1
mitgründer,1
mitleid,1
mitlesen,1
mitmachen,1
mitroglou,1
mitteilen,1
mittels,1
mittwoch,1
mitverantwortung,1
möchten,1
model,1
modern,1
mög,1
mögen,1
möglic,1
möglich,1
momt,1
monarch,1
monatlich,1
monatliche,1
monolog,1
monopole,1
monster,1
monströse,1
montabaur,1
montage,1
mopao,1
morty,1
mu,1
mücken,1
mühelosigkeit,1
müll,1
müller,1
multimilliardär,1
munde,1
mündliche,1
mündlichen,1
mundur,1
museum,1
musicaly,1
musikauswahl,1
müsse,1
müsst,1
müsstest,1
myanmar,1
nac,1
nacer,1
nachfragst,1
nachgedacht,1
nachhaltiges,1
nachklapp,1
nachschauen,1
nächsten,1
nächtliche,1
nachzuko,1
nachzulesen,1
nackt,1
näh,1
nähe,1
namensschild,1
nation,1
national,1
natü,1
nazis,1
nee,1
negligent,1
nehmt,1
neidgesellschaft,1
neon,1
nervöser,1
netter,1
netzcommunity,1
netzwerkeffekt,1
netzwerkes,1
neuanfang,1
neuem,1
neueste,1
neuigkeit,1
neutral,1
neutralität,1
newsflash,1
newsletter,1
newspaper,1
nichtmal,1
nieder,1
niederschreiben,1
nikla,1
nordamerikanischen,1
notes,1
nötigen,1
notizen,1
notwendig,1
nra,1
nspx,1
nu,1
nudes,1
nudity,1
nutellaglas,1
nutterberg,1
nyt,1
obacht,1
obama,1
oberflächlich,1
objektivität,1
och,1
offensichtlich,1
öffentlic,1
öffentliches,1
öffentlichkeit,1
offtopic,1
ohnehin,1
ohrwurm,1
ökonomin,1
ökonomisiert,1
oper,1
opiumhersteller,1
option,1
orbans,1
ordner,1
orf,1
ortsrat,1
osterhase,1
partei,1
passage,1
passen,1
passend,1
passende,1
paßt,1
patent,1
pay,1
pdf,1
peinlich,1
peinlichste,1
penetrant,1
penetriert,1
people,1
perfekte,1
permanent,1
personal,1
personen,1
persönlicher,1
persönlichkeit,1
perspektivwechsel,1
pertenmangel,1
phänomen,1
photonenbeschuß,1
pic,1
pilgern,1
piraten,1
plädiert,1
pläne,1
plattformen,1
plattformökonomie,1
played,1
pointiert,1
political,1
pommes,1
poor,1
popcorn,1
porno,1
position,1
positive,1
posten,1
potrtät,1
potsdamer,1
praktiken,1
präsentieren,1
precise,1
preso,1
presseclub,1
privatdaten,1
privates,1
privatspähre,1
prob,1
produkt,1
produkte,1
profil,1
profilbild,1
programmieren,1
projekten,1
prophezeie,1
prophezeit,1
protesta,1
prototyp,1
provokation,1
prozess,1
prüft,1
prüfung,1
prügelknaben,1
publikums,1
puderzucker,1
punkte,1
purlifetv,1
quasi,1
quatsch,1
questions,1
quote,1
racist,1
raketen,1
raketentechnik,1
randvoll,1
rat,1
ratgeber,1
rätsel,1
rausgehst,1
rausposaunen,1
rausschmiss,1
read,1
reaktionen,1
realtime,1
recherche,1
rechnung,1
rechtfertig,1
rechtliche,1
rechts,1
rechtspopulisten,1
referendum,1
reformieren,1
regen,1
regensburg,1
region,1
reguli,1
regulierungen,1
reic,1
reichen,1
reifeprüfung,1
reine,1
reingezogen,1
reinhaut,1
reißen,1
reizt,1
relativiert,1
reminder,1
repetitiven,1
reporterin,1
reptiloiden,1
reptiloidenverschwörung,1
resign,1
respectfully,1
respekt,1
responsibility,1
responsible,1
rest,1
retten,1
retweeted,1
reumütige,1
reumütiger,1
revolt,1
rich,1
richard,1
richer,1
richtgen,1
richtlinie,1
richtlinien,1
riesen,1
robotermeme,1
roland,1
ronaldo,1
rose,1
rosenstein,1
rüber,1
rückblück,1
rücken,1
rücksprache,1
ruhrkultour,1
rülpsen,1
rumgesülze,1
rumliegen,1
runterladen,1
runterlassen,1
russia,1
ruthemann,1
ry,1
sackerbjörg,1
sackerbörg,1
sackhaarberg,1
sag,1
sags,1
sagst,1
samba,1
sammlung,1
sascha,1
sasse,1
sat,1
sch,1
schade,1
schaltet,1
scharfe,1
schätze,1
schätzelein,1
schaue,1
schaun,1
schauspieler,1
schaut,1
scherz,1
schiebt,1
schießen,1
schießt,1
schlage,1
schlauste,1
schlimmer,1
schlimmste,1
schlinge,1
schlüssel,1
schmankerln,1
schmi,1
schmierlappen,1
schnauze,1
schnecke,1
schneller,1
schnellstens,1
schonmal,1
schoß,1
schrecken,1
schrotthaufen,1
schuhgröße,1
schulbank,1
schulbub,1
schüren,1
schutzgeld,1
schützt,1
schwach,1
schwächelnde,1
schwacher,1
schwammig,1
schwammigen,1
schwarze,1
schwede,1
schwerbitteren,1
schweren,1
schwieg,1
schwör,1
scotty,1
seehofers,1
sehn,1
seitenhiebe,1
sekunden,1
selbigen,1
selbstkritik,1
selbstkritisch,1
sells,1
seltsam,1
senato,1
senatsanhörung,1
senatsausschuss,1
senatsausschüssen,1
send,1
senden,1
senf,1
separados,1
sesselfurzenden,1
shawn,1
shitstorm,1
shop,1
sicherheitstipps,1
sicht,1
sichtbarkeit,1
sieh,1
siehe,1
signal,1
silikon,1
sinkt,1
sinniert,1
sir,1
sitzauflage,1
sitzen,1
skanda,1
skandalös,1
smell,1
snapchat,1
socialmedia,1
sofort,1
sogenannten,1
solch,1
somit,1
sonderausschusssitzung,1
sonderbar,1
sonderermittler,1
sondersitzung,1
song,1
sooo,1
sopran,1
sorge,1
sorgen,1
sorgt,1
sozi,1
sozialkompetenz,1
spahn,1
sparkasse,1
spät,1
speaker,1
special,1
spektakel,1
spenden,1
spezial,1
spickzett,1
spionage,1
spioniert,1
spitzen,1
spoiler,1
spon,1
spontan,1
spott,1
sprechzettel,1
spülmaschin,1
staatsanwaltschaft,1
stage,1
standort,1
stärken,1
startet,1
startup,1
status,1
stecker,1
stehen,1
stellz,1
stichtag,1
stimme,1
stimmt,1
stimmzettelpanne,1
stocken,1
stole,1
stoppschild,1
störenfried,1
stottert,1
strafanzeige,1
strategie,1
strengen,1
strengere,1
strike,1
stuart,1
stück,1
student,1
studi,1
studien,1
studio,1
stundenlangen,1
stunder,1
suchten,1
suckerbörg,1
sucksaberg,1
sugarmountain,1
suggeriert,1
süper,1
superstar,1
suprise,1
sur,1
suspendiert,1
süßigkeiten,1
symbolpolitik,1
synchronisierung,1
syrien,1
sz,1
tagelanges,1
tagesgespräch,1
taktisch,1
talking,1
tanga,1
tangermann,1
tat,1
täten,1
technologien,1
techseite,1
tee,1
teils,1
teilt,1
telefonnummer,1
tendiert,1
termin,1
terrorist,1
tesla,1
test,1
testifies,1
teuer,1
texas,1
theme,1
tim,1
timing,1
tinder,1
tipp,1
tomicek,1
tone,1
topf,1
tos,1
totale,1
tragen,1
training,1
transformation,1
transformieren,1
transparenz,1
traum,1
traumjob,1
tribunal,1
trick,1
tricks,1
trifft,1
triptychon,1
trixi,1
trommelfeuer,1
trostlos,1
trotzdem,1
trumps,1
tüchtig,1
tür,1
tutt,1
tw,1
twitc,1
twitch,1
twitterte,1
twoh,1
typ,1
typisch,1
ü,1
übernommen,1
überprüft,1
überragende,1
überschätzt,1
übersichtliche,1
überspringen,1
übertragung,1
überzogener,1
uff,1
uffff,1
umgeht,1
umsetzen,1
umsonst,1
umständen,1
umwelt,1
unabhängige,1
unangenehme,1
unbequemer,1
undercover,1
undurchsic,1
ungefähren,1
ungeschoren,1
unglaublich,1
unglaubwürdigen,1
unheimlich,1
uni,1
unions,1
unis,1
universitäten,1
unkenntnis,1
unklarer,1
unkurucusumarkzuckerbergkimdir,1
unnötig,1
unnütz,1
unpräzis,1
unscathed,1
unschuldig,1
unsinnigen,1
unsre,1
unstimmigkeiten,1
unterkühlt,1
unternehmenswert,1
unternehmerische,1
unterschwellig,1
unterwegs,1
unterwirft,1
unzureichend,1
updatescheiße,1
updayte,1
ups,1
url,1
urteilen,1
usf,1
varianten,1
veggie,1
vera,1
verabreden,1
veran,1
verantwortlichen,1
verantwortun,1
verantwortungslos,1
veranwortung,1
verbalangriff,1
verbalem,1
verbin,1
verbraucherinnen,1
verbrauchern,1
verbringen,1
verdammte,1
verdi,1
verfassunggebende,1
verfassungswidrig,1
verfolge,1
vergegenwärtigt,1
vergehen,1
vergelten,1
vergisst,1
vergleiche,1
vergnügt,1
verhört,1
verklagen,1
verkleidete,1
verlangt,1
verlauf,1
verläuft,1
verlief,1
verlieren,1
verliert,1
vermeiden,1
vermutet,1
vermutlich,1
vernetzen,1
vernichten,1
vernünftig,1
veröffentlichtes,1
verordnung,1
verpasst,1
verrückte,1
versammlung,1
verschei,1
verschicken,1
verschieben,1
verschlafen,1
verschlossen,1
versehentlich,1
versetzen,1
versi,1
versicherungswirtschaft,1
versprach,1
versprech,1
versprechungen,1
verständlich,1
verständlichere,1
verstörend,1
verteidiger,1
verteidigung,1
verteilen,1
vertiefte,1
vertragsbedingungen,1
vertragsverletzungsverfahren,1
vertret,1
vertriebler,1
verunsichern,1
verursacht,1
verwendung,1
verwertet,1
verwunderlich,1
verwundert,1
verzicht,1
vex,1
victor,1
vierte,1
vll,1
voll,1
vorab,1
vorbereitungsnotizen,1
vorbild,1
vorgaben,1
vorhaben,1
vorhin,1
vorjahre,1
vorkommnisse,1
vorschlag,1
vorsicht,1
vorsichtig,1
vorsitzender,1
vorständen,1
vorstoß,1
vorw,1
vorwürfen,1
vorziehen,1
vplm,1
vun,1
wächsern,1
wack,1
wagen,1
wah,1
wahlkampf,1
wahlmanipulation,1
wahlsieg,1
wählt,1
wahrheitsgehalt,1
waifu,1
wandern,1
wär,1
warnt,1
wasn,1
wasserhähne,1
water,1
watt,1
wdrp,1
webkamera,1
webseite,1
weinstein,1
weißt,1
weist,1
weitergegeben,1
weiterkommt,1
weltfrieden,1
weltkrieg,1
weltstan,1
weltweit,1
wenigen,1
wens,1
werbeanzeige,1
werbebot,1
werbefreie,1
werbegeldern,1
werben,1
werbeoffensive,1
werbern,1
werd,1
werfen,1
wesentlich,1
wesentliche,1
wettbewerb,1
wette,1
whip,1
whistleblower,1
wichtigsten,1
widersprechen,1
wied,1
wiederhole,1
wiederholten,1
wiedermal,1
wikileaks,1
wille,1
willst,1
windel,1
windig,1
wirken,1
wirklic,1
wirksame,1
wirtschaftlichen,1
wissens,1
wissenstöne,1
witz,1
wiwo,1
wobei,1
wodurch,1
wohlwollende,1
wohnt,1
wohnzimmer,1
wol,1
womöglich,1
wonach,1
wozniak,1
wozu,1
wp,1
wunder,1
wunderte,1
wünschdirwashow,1
wünsche,1
wurd,1
würd,1
wurscht,1
wurst,1
wusste,1
wüssten,1
wut,1
ya,1
yay,1
yute,1
zackabörg,1
zah,1
zählen,1
zahlung,1
zähne,1
zdf,1
zeitnah,1
zerren,1
zerschlagt,1
ziehe,1
ziel,1
ziem,1
zingerburger,1
zitat,1
zitiert,1
zuckberg,1
zuckerb,1
zuckerbe,1
zuckerberch,1
zuckerbergt,1
zuckerbug,1
zuckerburgers,1
zuckerhut,1
zuckernerd,1
zuckerrübe,1
zuckerwatte,1
zucki,1
zudem,1
zugang,1
zugelegt,1
zugreisen,1
zuhause,1
zuhört,1
zukerberg,1
zumeist,1
zunächsten,1
zunehmende,1
zurückgeben,1
zusammenfasst,1
zuständigkeiten,1
zustimmung,1
zuträger,1
zutrittsbarrieren,1
zuviel,1
zweckentfremden,1
zweifelt,1
zweireiher,1
